{"name":"Mehar Finance - Car Loan Portal","short_name":"Mehar Finance","description":"Complete car loan sales & DSA management system","start_url":"/","display":"standalone","background_color":"#ffffff","theme_color":"#0f172a","orientation":"portrait-primary","icons":[{"src":"/favicon.ico","sizes":"64x64 32x32 24x24 16x16","type":"image/x-icon"},{"src":"/icon-192.png","sizes":"192x192","type":"image/png","purpose":"any maskable"},{"src":"/icon-512.png","sizes":"512x512","type":"image/png","purpose":"any maskable"}]}